{
  "colsample_bytree": 0.7600340105889054,
  "gamma": 0.2733551396716398,
  "learning_rate": 0.037728168328829054,
  "max_depth": 4,
  "min_child_weight": 2,
  "n_estimators": 755,
  "reg_alpha": 0.9394989415641891,
  "reg_lambda": 2.289654700855298,
  "subsample": 0.8391599915244341
}