{
  "colsample_bytree": 0.8861223846483287,
  "gamma": 0.0993578407670862,
  "learning_rate": 0.01082831756854036,
  "max_depth": 5,
  "min_child_weight": 3,
  "n_estimators": 792,
  "reg_alpha": 0.71134195274865,
  "reg_lambda": 2.0803510810624113,
  "subsample": 0.8423839899124046
}