{
  "colsample_bytree": 0.9047505230698577,
  "gamma": 0.1743329936458647,
  "learning_rate": 0.02442648266371311,
  "max_depth": 3,
  "min_child_weight": 1,
  "n_estimators": 839,
  "reg_alpha": 0.5177513505274801,
  "reg_lambda": 2.175420211814656,
  "subsample": 0.8702760468157122
}